Component,Query
see results about,Ace
see results about,Agender
see results about,Aromantic
see results about,Asexuality
see results about,Bi
see results about,Gender binary
see results about,Gender expression
see results about,gender identities
see results about,Gender identity
see results about,Gender non-conforming
see results about,Gender reassignment surgeries
see results about,Gender reassignment
see results about,Genderqueer
see results about,Intersex
see results about,Omnigender
see results about,Pronouns
see results about,Trans
see results about,Transgender
ads,Abusive relationship help MA
ads,Abusive relationship help
ads,Abusive relationship signs
ads,Abusive relationship
ads,Ace
ads,Alternate pronouns
ads,Coming out experiences
ads,Coming out
ads,emotional abuse checklist
ads,gender identities
ads,Gender identity
ads,Healing from toxic relationships/emotional abuse
ads,How to be a LGBTQ  ally
ads,How to come out
ads,How to get out of a toxic relationship
ads,How to help a friend in an abusive relationship
ads,How to leave an abusive relationship
ads,How to recognize an abusive partner
ads,How to recognize emotional abuse in relationships
ads,How to recover from an abusive relationship
ads,how to tell if you are in a toxic relationship
ads,how to tell if you are in an emotionally abusive relationship
ads,LGBTQ
ads,Queer identities
ads,queer identities and pronouns
ads,Queer identities definition
ads,Safety plan domestic violence
ads,Toxic relationship
ads,Toxic relationship test
ads,What are characteristics of a toxic relationship
ads,How to tell if you are in a toxic relationship
ads,How to tell if you are in an emotionally abusive relationship
dictionary,Bi
dictionary,Bisexual
dictionary,Cisgender
dictionary,Diversity
dictionary,Gaslighting
dictionary,Gay
dictionary,Omnisexual
dictionary,Pronouns definition
dictionary,Queer
dictionary,Transgender
featured snippets,Agender
featured snippets,Alternate pronouns
featured snippets,Aro/Ace
featured snippets,Asexual
featured snippets,Asexuality
featured snippets,Attachment styles and cycles of abuse
featured snippets,Bisexuality versus pansexuality
featured snippets,Demisexual
featured snippets,Gender binary
featured snippets,Gender dysphoria
featured snippets,Gender identity
featured snippets,Gender neutral/gender inclusive pronouns
featured snippets,Gender neutral pronouns
featured snippets,Gender pronouns
featured snippets,Gender questioning
featured snippets,Gender reassignment
featured snippets,Gender transitions
featured snippets,Gender-affirming practices
featured snippets,Genderfluid
featured snippets,Genderqueer
featured snippets,Healthy vs unhealthy love
featured snippets,Hotlines for those in abusive relationships
featured snippets,How to get out of a toxic relationship
featured snippets,How to help a friend in an abusive relationship
featured snippets,How to introduce new pronouns to your friends
featured snippets,How to learn to receive healthy love
featured snippets,How to recognize emotional abuse in relationships
featured snippets,How to recover from an abusive relationship
featured snippets,how to tell if you are in a toxic relationship
featured snippets,how to tell if you are in an emotionally abusive relationship
featured snippets,Inclusion
featured snippets,Intersectionality
featured snippets,Intersex
featured snippets,Learning about attachment styles
featured snippets,Lesbian
featured snippets,Neopronouns
featured snippets,Non-binary versus agender
featured snippets,Non-heterosexual
featured snippets,Nonbinary
featured snippets,per/per
featured snippets,Queer identities
featured snippets,queer identities and pronouns
featured snippets,Queer identities definition
featured snippets,Safety plan domestic violence
featured snippets,Sex assigned at birth
featured snippets,Sexual Minority
featured snippets,Sexual orientation
featured snippets,Toxic relationship
featured snippets,Toxic relationship patterns
featured snippets,Two-spirit
featured snippets,ve/ver
featured snippets,What are characteristics of a toxic relationship
featured snippets,What are types of partner-based violence
google scholar,Gender-affirming practices
hotline,Abusive relationship cycle
hotline,Abusive relationship help MA
hotline,Abusive relationship help
hotline,Abusive relationship signs
hotline,Abusive relationship types
hotline,Different kinds of domestic abuse
hotline,Domestic violence hotlines and resources
hotline,Domestic violence
hotline,Emotional vs physical abuse
images,Alternate pronouns
images,Aro/Ace
images,Asexual
images,Asexuality
images,Bi
images,Bisexual
images,Bisexuality versus pansexuality
images,Cisgender
images,Demisexual
images,e/em
images,Gender neutral pronouns
images,Gender questioning
images,Gender-reaffirming resources free
images,Healthy vs unhealthy love
images,How to be a LGBTQ  ally
images,Non-heterosexual
images,Omnigender
images,Omnisexual
images,Queer identities
images,Trans
images,queer identities
images,xe/xem
images,ze/hir
knowledge panel,Ace
knowledge panel,Asexual
knowledge panel,Asexuality
knowledge panel,Bi
knowledge panel,Bisexual
knowledge panel,Bisexuality versus pansexuality
knowledge panel,Cisgender
knowledge panel,Coming out
knowledge panel,Diversity
knowledge panel,Gaslighting
knowledge panel,Gender binary
knowledge panel,Gender expression
knowledge panel,gender identities
knowledge panel,Gender identity
knowledge panel,Gender non-conforming
knowledge panel,Gender pronouns
knowledge panel,Gender reassignment
knowledge panel,Genderfluid
knowledge panel,Genderqueer
knowledge panel,he/him
knowledge panel,Inclusion
knowledge panel,Intersectionality
knowledge panel,Intersex
knowledge panel,Lesbian
knowledge panel,LGBTQ
knowledge panel,Neopronouns
knowledge panel,Non-binary/Gender Queer
knowledge panel,Non-heterosexual
knowledge panel,Nonbinary
knowledge panel,Pronouns
knowledge panel,Pronouns definition
knowledge panel,Queer
knowledge panel,Sexual Minority
knowledge panel,Sexual orientation
knowledge panel,she/her
knowledge panel,they/them
knowledge panel,Transgender
knowledge panel,Two-spirit
knowledge panel,queer identities
map,Abusive relationship help MA
map,Ace
map,Bi
map,Diversity
map,Domestic violence
map,Gay
top stories,Bisexual
top stories,Domestic violence
top stories,Gay
top stories,Gender pronouns
top stories,Gender reassignment surgeries
top stories,Gender reassignment
top stories,Intersex
top stories,Lesbian
top stories,LGBTQ
top stories,Partner abuse
top stories,Pronouns
top stories,Queer
top stories,Trans
top stories,Transgender
people also ask,(f)ae/(f)aer
people also ask,Abusive relationship cycle
people also ask,Abusive relationship help MA
people also ask,Abusive relationship help
people also ask,Abusive relationship signs
people also ask,Abusive relationship types
people also ask,Abusive relationship
people also ask,Agender
people also ask,Alternate pronouns
people also ask,Aro/Ace
people also ask,Aromantic
people also ask,Asexual
people also ask,Asexuality
people also ask,Attachment styles and cycles of abuse
people also ask,Bi
people also ask,Bisexual
people also ask,Bisexuality versus pansexuality
people also ask,Cisgender
people also ask,Coming out experiences
people also ask,Communities for victims of partner-based violence
people also ask,Demisexual
people also ask,Different kinds of domestic abuse
people also ask,Diversity
people also ask,Domestic violence
people also ask,e/em
people also ask,emotional abuse checklist
people also ask,Emotional vs physical abuse
people also ask,Gaslighting
people also ask,Gender binary
people also ask,Gender dysphoria
people also ask,Gender expression
people also ask,gender identities
people also ask,Gender neutral/gender inclusive pronouns
people also ask,Gender neutral pronouns
people also ask,Gender non-conforming
people also ask,Gender pronouns
people also ask,Gender questioning
people also ask,Gender reassignment surgeries
people also ask,Gender reassignment
people also ask,Gender transitions
people also ask,Gender-affirming practices
people also ask,Genderfluid
people also ask,Genderqueer
people also ask,he/him
people also ask,Healing from toxic relationships/emotional abuse
people also ask,Healthy vs unhealthy love
people also ask,Hotlines for those in abusive relationships
people also ask,How become financially independent in a relationship
people also ask,How to be a LGBTQ  ally
people also ask,How to come out
people also ask,How to create space for LGBTQ  community
people also ask,How to get out of a toxic relationship
people also ask,How to help a friend in an abusive relationship
people also ask,How to introduce new pronouns to your friends
people also ask,How to learn to receive healthy love
people also ask,How to leave an abusive relationship
people also ask,How to recognize an abusive partner
people also ask,How to recognize emotional abuse in relationships
people also ask,How to recover from an abusive relationship
people also ask,how to tell if you are in a toxic relationship
people also ask,how to tell if you are in an emotionally abusive relationship
people also ask,Inclusion
people also ask,Intersectionality
people also ask,Intersex
people also ask,Learning about attachment styles
people also ask,LGBTQ
people also ask,Neopronouns
people also ask,Non-binary practices in different cultures
people also ask,Non-binary versus agender
people also ask,Non-heterosexual
people also ask,Nonbinary
people also ask,Omnigender
people also ask,Partner abuse
people also ask,per/per
people also ask,Pronouns
people also ask,Pronouns definition
people also ask,Queer
people also ask,Queer identities
people also ask,queer identities and pronouns
people also ask,Queer identities definition
people also ask,Resources for reporting partner abuse
people also ask,Safety plan domestic violence
people also ask,Sex assigned at birth
people also ask,she/her
people also ask,they/them
people also ask,Toxic relationship patterns
people also ask,Toxic relationship test
people also ask,Trans
people also ask,Two-spirit
people also ask,ve/ver
people also ask,What are characteristics of a toxic relationship
people also ask,What are types of partner-based violence
people also ask,How to tell if you are in a toxic relationship
people also ask,How to tell if you are in an emotionally abusive relationship
people also ask,ze/hir
related search,(f)ae/(f)aer
related search,Ace
related search,Agender
related search,Alternate pronouns
related search,Aro/Ace
related search,Aromantic
related search,Asexual
related search,Asexuality
related search,Attachment styles and cycles of abuse
related search,Bisexuality versus pansexuality
related search,Cisgender
related search,Coming out experiences
related search,Demisexual
related search,Diversity
related search,e/em
related search,Gaslighting
related search,Gay
related search,Gender binary
related search,Gender dysphoria
related search,Gender expression
related search,gender identities
related search,Gender identity
related search,Gender neutral/gender inclusive pronouns
related search,Gender neutral pronouns
related search,Gender non-conforming
related search,Gender pronouns
related search,Gender questioning
related search,Genderfluid
related search,Genderqueer
related search,he/him
related search,Healthy vs unhealthy love
related search,How to create space for LGBTQ  community
related search,How to get out of a toxic relationship
related search,how to tell if you are in a toxic relationship
related search,Inclusion
related search,Intersex
related search,LGBTQ
related search,Neopronouns
related search,Non-binary practices in different cultures
related search,Non-binary versus agender
related search,Non-heterosexual
related search,Nonbinary
related search,Omnigender
related search,Omnisexual
related search,per/per
related search,Pronouns
related search,Pronouns definition
related search,Queer
related search,queer identities and pronouns
related search,Queer identities definition
related search,Sex assigned at birth
related search,Sexual orientation
related search,she/her
related search,they/them
related search,Toxic relationship
related search,Toxic relationship patterns
related search,Toxic relationship test
related search,Trans
related search,Two-spirit
related search,ve/ver
related search,What are characteristics of a toxic relationship
related search,What are types of partner-based violence
related search,How to tell if you are in a toxic relationship
related search,How to tell if you are in an emotionally abusive relationship
related search,queer identities
related search,xe/xem
related search,ze/hir
twitter,Asexual
twitter,Bisexuality versus pansexuality
twitter,Gender expression
twitter,gender identities
twitter,Gender identity
twitter,he/him
twitter,How to be a LGBTQ  ally
twitter,Intersectionality
twitter,Intersex
videos,Ace
videos,Alternate pronouns
videos,Aro/Ace
videos,Aromantic
videos,Asexual
videos,Asexuality
videos,Bi
videos,Bisexual
videos,Bisexuality versus pansexuality
videos,Cisgender
videos,Demisexual
videos,Diversity
videos,Gaslighting
videos,Gay
videos,Gender binary
videos,Gender expression
videos,gender identities
videos,Gender neutral/gender inclusive pronouns
videos,Gender neutral pronouns
videos,Gender non-conforming
videos,Gender pronouns
videos,Gender questioning
videos,Gender transitions
videos,Genderfluid
videos,Genderqueer
videos,he/him
videos,Healthy vs unhealthy love
videos,How to get out of a toxic relationship
videos,Inclusion
videos,Intersectionality
videos,Intersex
videos,Learning about attachment styles
videos,Neopronouns
videos,Nonbinary
videos,per/per
videos,Pronouns
videos,Sex assigned at birth
videos,Sexual orientation
videos,she/her
videos,they/them
videos,Toxic relationship patterns
videos,Trans
videos,Two-spirit
videos,How to tell if you are in a toxic relationship
videos,How to tell if you are in an emotionally abusive relationship
videos,queer identities
videos,ze/hir
